url|title
lK2lddfNIMU|A Lenda de Candyman (2021) - Crítica do filme
Bo_73FQHijE|The Night House (A Casa Sombria) - Crítica do filme
GzLF8FI4bFo|Demonic - Crítica: o decepcionante retorno de Neill Blomkamp
kCGShw6KnoE|The Protégé - Crítica do filme
chWBILtiaUo|Reminiscence (Caminhos da Memória) - Crítica do filme
wgfsdC6fDr0|Ao vivo: Villeneuve, Duna e HBO Max. Lançamentos cancelados no Brasil, listas de Toronto/NY e mais!
CFMT_lmYU5g|Annette - Crítica do filme
o9FbpasLHp0|Scream 3 (Pânico 3, 2000) - Crítica do filme
gskFVNV6h2E|Oscar 2022 - Prévia de agosto: analisando a lista do Gold Derby!
FDXSsBPHxuY|Don't Breathe 2 (O Homem nas Trevas 2) - Crítica do filme
i9cAkhEN6-4|Beckett - Crítica do filme da Netflix
4qmTSDehnic|Ao vivo: Estratégia da Warner vai comprometer Duna? Novos adiamentos, data de House of Gucci e mais!
kbVrKVqZv98|Free Guy: Assumindo o Controle - Crítica do filme
tjw4-kNZuxE|Sexta-Feira 13 - Parte 2 (1981) - Crítica do filme
6qMv0WgccHY|CODA (No Ritmo do Coração) - Crítica: a aposta da Apple para a temporada de premiações!
0-Gj9jtITF0|Stillwater - Crítica do filme
WdW2iRp6DH0|A Jornada de Vivo - Crítica da animação da Sony (disponível na Netflix)
cQwkU7acrq0|Ao vivo: House of Gucci, novos filmes da franquia 'O Exorcista', SAG/Disney/Johansson e mais!
I2M1-PAiD18|Val - Crítica do documentário da A24 sobre Val Kilmer (Prime Video)
YmYcpvbGq9Y|Cry Macho - Reação ao trailer e expectativa para o novo filme de Clint Eastwood
oC4OWyuhPlg|O Esquadrão Suicida - Crítica do filme
iAaBblV97dI|O Último Mercenário - Crítica do filme da Netflix: Van Damme, galhofa e ação.
OcyJ6Cm3h_Y|True Crime (Crime Verdadeiro, 1999) - Crítica do filme
QnCFgabFawY|The Green Knight - Crítica do filme da A24
I5uIubLKeyo|Jungle Cruise - Crítica do filme da Disney
QRMS2vBFWZk|Oscar 2022 - Melhor ator e atriz (primeira prévia)
vb3TVP99ysM|Céu Vermelho-Sangue - Crítica do filme da Netflix
D2mnWvJSAKg|Old (Tempo) - Crítica do filme de M. Night Shyamalan
U7TMhFsiQko|G.I. Joe Origens: Snake Eyes - Crítica do filme
WSKGDHv5E_g|Ao vivo: Netflix aumenta preços no Brasil,  HBO Max, retorno da janela de exclusividade e mais!
i2LyenotKAA|Jolt - Crítica do filme da Amazon
kCcXRj3HUgk|Duna - Reação ao trailer, expectativa e informações sobre o preview
2GapyG2oZdg|"Midnight in the Switchgrass - Crítica: o ""imperador dos filmes B"" estreia como diretor"
lP9_SpUXUt8|O Mistério de Candyman (1992) - Crítica do filme
_gsny4iky0E|Pig - Crítica do filme: a melhor atuação da carreira de Nicolas Cage?
PZfRwnvH8QM|Ao vivo: Titane vence Palma de Ouro em Cannes! Venda da A24? Globo de Ouro, premiações e mais!
MkGstu_OIXs|Rua do Medo: 1666 - Parte 3 - Crítica do filme da Netflix
dRRTc68a8bg|Space Jam: Um Novo Legado - Crítica: nem a nostalgia salva
0ZIvvzDQ7Tk|Escape Room 2 - Tensão Máxima - Crítica do filme
TVVuKHocDWc|Gunpowder Milkshake - Crítica do filme: entre inspiração e cópia (de John Wick)
yssYD-3imfI|Scream 2 (Pânico 2, 1997) - Crítica do filme
7VIag4Np49k|Era Uma Vez em Hollywood - o livro de Tarantino é um ótimo complemento ao filme!
Xr21cCPZY4A|Ao vivo: Cannes, acordo Universal/Amazon, problemas com Viúva Negra na China, Brasil x Oscar e mais!
cxrO6w1-jLM|Rua do Medo: 1978 - Parte 2 - Crítica do filme da Netflix
g5tjjim2HxM|Zola - Crítica do filme da A24
s6aLyvEF5oA|The Forever Purge (Uma Noite de Crime 5 - A Fronteira) - Crítica do filme
24ro6a0H4ZA|Absolute Power (Poder Absoluto, 1997) - Crítica do filme
gCpt5X_m9wE|Till Death - Crítica do filme
VWSq8pmk1KQ|Ao vivo: HBO Max BR,  Cry Macho, placa dos 100k e notícias da semana!
dvm-8joAWbk|Rua do Medo: 1994 - Parte 1 - Crítica do filme da Netflix
SY-sIX1qeVo|The Tomorrow War (A Guerra do Amanhã) - Crítica do filme da Amazon
lDlF218nbhY|No Sudden Move (Nem Um Passo em Falso) - Crítica do filme do HBO Max: uma boa surpresa!
UPLdkuCS49M|Regras do Oscar 2022 anunciadas: novidades e mudanças!
o8nA1t_C6qQ|Black Widow (Viúva Negra) - Crítica do filme
Kcw_f6GT8VY|The Ice Road - Crítica: Liam Neeson enfrenta o gelo (de novo)
SxumdIc46pY|Werewolves Within - Crítica: o filme baseado no game da Ubisoft
94I71oDv5ns|Ao vivo: Refilmagens de The Batman, acordo Spielberg/Netflix, Oscar 2022 e mais!
ELOQ3YfhVqM|False Positive - Crítica: 'O Bebê de Rosemary' da A24?
CsUaicotrFs|Oscar 2022 - Primeira prévia: os principais filmes de cada distribuidora para a temporada!
CJzeLCasGSE|F9 - Velozes e Furiosos 9 - Crítica do filme
88SnYOazuGM|Peter Rabbit 2 (Pedro Coelho 2 - O Fugitivo) - Crítica do filme
W3ag7rtJpgA|Scream (Pânico, 1996) - Crítica: o filme que resgatou o interesse pelo slasher!
Jxjhj5FoDoQ|Ao vivo: Duna no Festival de Veneza, membros abandonam a HFPA e notícias da semana!
mvRXeE5_ktQ|Luca - Crítica da animação da Pixar
Q-hr4SS1FnI|Infinite (Infinito) - Crítica do filme: o primeiro original Paramount+
jTYxE-RdmAQ|Censor - Crítica do filme: tributo ao 'video nasty' dos anos 80!
3YVYY4R5UCM|Hitman's Wife's Bodyguard (Dupla Explosiva 2 - E a Primeira Dama do Crime) - Crítica do filme
TeSVIOiDocU|'Preview': a palavra que desclassificou Pixote do Oscar 1982 - Histórias do Oscar #39
D4arw-puDgI|Ao vivo: mais sobre a pesquisa da origem do apelido 'Oscar' e notícias da semana!
DaM_ZPbG4TE|Wish Dragon (Din e o Dragão Genial) - Crítica: mais uma animação da Sony na Netflix!
GbIgonby7Ls|Awake - Crítica do filme da Netflix
nhXixBze-zU|100 mil inscritos - obrigado! Cinco filmes muito importantes para mim!
nCfh7aXGQss|Nightmare Alley (O Beco das Almas Perdidas, 1947) - Crítica do filme
E2EgPKQrvbc|Seis ótimos livros que serão adaptados para o cinema em 2021!
s_JbfLpwbO0|Descobri o primeiro registro sobre o 'Oscar' - e acabei com uma teoria sobre o nome da estatueta!
vxp4wOQeLB4|Ao vivo: lista do Festival de Cannes 2021 e notícias da semana
AfLf6UZxEY4|Invocação do Mal 3: A Ordem do Demônio - Crítica do filme
0pPC1XxwJII|Spirit Untamed (Spirit: O Indomável) - Crítica: a pior animação da história da DreamWorks?
8FlO_fdlUcY|007 contra Spectre (2015) - Crítica do filme
Ss94uGdScAU|A Perfect World (Um Mundo Perfeito, 1993) - Crítica do filme: um dos meus favoritos dos anos 90!
mFmI_82X3sw|In the Heights (Em um Bairro de Nova York) - Crítica do filme
r8k7MoEdJH4|Ao vivo: primeiras definições para o Oscar 2022, 007/Amazon, The French Dispatch e mais notícias
kMLMiF024Is|American Traitor: The Trial of Axis Sally - Crítica do filme: que bomba, Al Pacino...
QolPiIPavCM|Cruella - Crítica do filme
J4zWaVG9HP4|The Dry - Crítica do filme
-l-3lrFD4jA|A Quiet Place Part II (Um Lugar Silencioso - Parte II) - Crítica do filme
_FFgRgYtMrk|Disney processa Academia pelo uso indevido de Branca de Neve - Histórias do Oscar #37
KQqlvWYzDhE|Ao vivo: Amazon vai comprar a MGM? Warner/Discovery, reabertura dos cinemas e mais notícias!
2aq3jLk3iLU|Four Good Days - Crítica do filme
ExmXFhZ6U4I|In the Line of Fire (Na Linha de Fogo, 1993) - Crítica do filme
ARVkPTKzIMA|Riders of Justice (Loucos por Justiça) - Crítica do filme
yU4-KmOgF68|Army of the Dead - Crítica do filme da Netflix
_B2Lq6fI-Bk|Spiral (Espiral – O Legado de Jogos Mortais) - Crítica do filme
Z4SW07T1HLM|Ao vivo: Situação Globo de Ouro x NBC, crise na HFPA e notícias da semana
b8RGya28264|A Mulher na Janela - livro x filme: análise com spoilers
-sauTABSw4Q|The Woman in the Window (A Mulher na Janela) - Crítica do filme
oNalfQ2lJXM|Those Who Wish Me Dead (Aqueles Que Me Desejam a Morte) - Crítica do filme
zltE08Lk6No|Oxigênio - Crítica do filme da Netflix
5s7RrNNw_h4|Vanquish (Conquista) - Crítica do filme
NWnzYvygYjM|NBC não transmitirá o Globo de Ouro em 2022. HFPA em risco na maior crise de sua história
pMqZ4z49oQI|Um fiasco inesquecível: Branca de Neve, Rob Lowe e a abertura do Oscar 1989 - Histórias do Oscar #36
WtMYTfU7QSo|Ao vivo: Soderbergh fala sobre o Oscar 2021, Paulo Gustavo, boicote ao Globo de Ouro e mais!
ruJmxhVqlvQ|Wrath of Man (Infiltrado) - Crítica do filme
Su14zE6GeBk|Saw (Jogos Mortais, 2004) - Crítica do filme
AUvNI8m0Cmk|Percy vs Goliath - Crítica do filme
BkBA-9DxPwc|The Virtuoso - Crítica do filme: Anthony Hopkins também erra
LwqDIDzRHrU|A Família Mitchell e a Revolta das Máquinas - Crítica
kc5Rbt9w-Jk|Ao vivo: balanço final da temporada de premiações - surpresas, esnobes e decepções
qJqqrXT1XEs|Without Remorse (Sem Remorso) - Crítica do filme da Amazon
KqkvecjnJBo|Things Heard & Seen (Vozes e Vultos) - Crítica do filme da Netflix
ZP6BUb1f4cE|Halloween (2018) - Crítica do filme
yvoiPYlWPxM|Oscar 2021 tem a pior audiência da história: culpa da pandemia ou desinteresse com a premiação?
RtarqO9sYYM|Oscar 2021 - Análise dos vencedores e da cerimônia: o pior encerramento da história
niO4guX9OpI|Oscar 2021 - Comentários ao vivo
xIpmQlUkfrM|Ao vivo: Expectativa para o Oscar 2021 - possíveis surpresas e disputas. Framboesa de Ouro e mais!
e9mlaQP4acs|Spirit Awards 2021 - Análise dos vencedores (cinema)
bQfgBYFF0Vk|Spirit Awards 2021 - Comentários ao vivo
bwMa2nyAasA|Mortal Kombat (2021) - Crítica sem spoilers
ioK3V6dWbAU|Stowaway (Passageiro Acidental) - Crítica do filme da Netflix
nv1fEX-SeGI|In the Earth - Crítica do filme
B_QgTggD2pA|Oscar 2021 - Apostas para os vencedores
0BfqI3cV5LA|Curtas live action indicados ao Oscar 2021: comentários sobre as cinco produções
CnoOKDI53I4|Ao vivo: Meus votos para o Spirit Awards 2021! Campanhas na reta final do Oscar e notícias da semana
sYFvDZsPWew|Better Days (Dias Melhores) - Crítica do filme de Hong Kong indicado ao Oscar!
o861bqulifE|Time - Crítica do documentário da Amazon indicado ao Oscar!
_-BWDW2zEyA|Radioactive - Crítica do filme
nvKDfX6aYC8|Love and Monsters (Amor e Monstros) - Crítica do filme
uhFFyJqIOao|Voyagers - Crítica do filme: 'Senhor das Moscas' no espaço?
TrWTKXPdPYU|BAFTA 2021 - Análise dos vencedores e impacto no Oscar
_VI7AtRItrI|Ao vivo: Acordo Sony/Netflix, BAFTA 2021, a forte campanha de 'Os 7 de Chicago' ao Oscar e mais!
d7NMRh9-G44|Thunder Force (Esquadrão Trovão) - Crítica do filme da Netflix
0NPA2BWDSKI|Crip Camp: Revolução pela Inclusão - Crítica do documentário da Netflix indicado ao Oscar
anv8g9-8YcA|The Man Who Sold His Skin (O Homem que Vendeu sua Pele) - Crítica do filme indicado ao Oscar
JAahxnWkfbs|The Unholy (Rogai Por Nós) - Crítica do filme
xi2zIli0MMA|Vencedores do SAG Awards 2021 (cinema): 'Os 7 de Chicago' na disputa pelo Oscar de melhor filme
4TOmE9sx6yU|SAG Awards 2021 - Comentários ao vivo
S04n90bCqiY|Documentários em curta-metragem indicados ao Oscar 2021: comentários sobre as cinco produções
kkCmxD11YhI|Ao vivo: Prévia do SAG Awards 2021, atualização das campanhas ao Oscar e notícias da semana!
uWhrfKtN1-M|Halloween II (2009) - Crítica do filme
LMDI9Nm0rPg|El Agente Topo (Agente Duplo) - Crítica do documentário chileno indicado ao Oscar!
tvO1hHRurbo|Godzilla vs. Kong - Crítica do filme
brTeStL3WNk|Nobody (Anônimo) - Crítica do filme
5Lfl5GXMo8I|Curtas de animação indicados ao Oscar 2021: comentários sobre as cinco produções
UNYZTrKNC9U|Ao vivo: Nomadland vence o PGA! Estratégias de lançamento de Warner e Disney e notícias da semana!
mlnzIeibs4c|The Seventh Day (O Sétimo Dia) - Crítica: 'Dia de Treinamento' encontra 'O Exorcista II'
F9YNpXgWXUM|My Octopus Teacher (Professor Polvo) - Crítica: o lindo documentário da Netflix indicado ao Oscar!
uUgcyY47CnM|007 - Operação Skyfall (2012) - Crítica do filme
Nl24qIr3FLA|The Courier - Crítica do filme
uba0u_sgStc|Shaun, o Carneiro: A Fazenda Contra-Ataca - Crítica da animação indicada ao Oscar
R3RhSggtm0I|Ao vivo: Academia anuncia formato do Oscar 2021, Snyder Cut, PVOD, adiamentos no Brasil e mais!
gHsuSYYDYGo|Quo vadis, Aida? - Crítica do filme: o candidato da Bósnia ao Oscar
BMSH2Sw3fEU|Pinóquio, de Matteo Garrone - Crítica do filme
SAyLzw0wsyY|Liga da Justiça de Zack Snyder (Snyder Cut) - Crítica
H3RQZ27u2nU|Oscar 2021 - Análise das nomeações
Ud2I1aKyilI|Oscar 2021 - reação e comentários sobre as nomeações (ao vivo)
3latHvgGtJ8|Cosmic Sin - Crítica do filme: o pior da carreira de Bruce Willis?
V7AP6k6JR5E|Ao vivo: Indicados ao Framboesa de Ouro 2021, expectativa para o Oscar e notícias da semana!
kRc6OQgS5lc|A estatueta roubada durante a cerimônia de 1973 - Histórias do Oscar #35
m6t3xtqVFw0|Oscar 2021 - Apostas para as indicações
tAdIwJia5bg|Chaos Walking (O Mundo em Caos) - Crítica do filme
h1VPXISZVHc|Ao vivo: BAFTA 2021 - Análise das nomeações, esnobes e impacto do júri + indicações DGA e PGA!
AAjQ3u42FpM|Critics Choice Awards 2021 - Análise dos vencedores (cinema)
hwIqZxtnw6s|Critics Choice Awards 2021 - Comentários ao vivo
HjFJ_eHTttY|Ao vivo: Apostas para o Critics Choice Awards 2021! Reabertura dos cinemas nos EUA e mais notícias!
Oaoi9jsRdL8|Coming 2 America (Um Príncipe em Nova York 2) - Crítica do filme
obfjehvEka0|Barb and Star Go to Vista Del Mar (Duas Tias Loucas de Férias) - Crítica do filme
uXLOaJRKbQ0|Raya e o Último Dragão - Crítica da animação da Disney
71o0RY7Ohp8|Globo de Ouro 2021 - Análise dos vencedores (cinema)
U4bgJOAEwPg|Globo de Ouro 2021 - Comentários ao vivo
s0XQG2jr3js|Ao vivo: Apostas para o Globo de Ouro 2021, Paramount Plus e notícias da semana
nznXj-tMBb0|Tom & Jerry (2021) - Crítica do filme
KBAOrUmkH_M|Cherry - Crítica do filme
NX5pJOwaWug|The United States vs. Billie Holiday - Crítica do filme
0UpG5vrw5ls|Blithe Spirit (2020) - Crítica do filme: mais uma bomba, Judi Dench?
Un161DGUkGU|Music - Crítica do filme: fiasco retumbante
wwJ8j5FzJS8|Ao vivo: Scorsese e a curadoria nos streamings. Indicados ao WGA e notícias da semana
UAUPloyIL7I|I Care a Lot (Eu Me Importo) - Crítica do filme
bJ_2JGmxnnA|Halloween - O Início (2007) - Crítica do filme de Rob Zombie
82el3Y2lbo0|Deux (Nós Duas) - Crítica do filme: o candidato da França ao Oscar!
cAWkOVaw5WU|Batman: Mask of the Phantasm (Batman - A Máscara do Fantasma, 1993) - Crítica
JieULGCIL-I|Willy’s Wonderland - Crítica do filme: Nicolas Cage no mockbuster de Five Nights at Freddy's
lwE2j49gva4|Ao vivo: Oscar 2021 (prévia de fevereiro), HBO Max na América Latina e notícias da semana
5P5EIw2APi4|A confusão que tirou o documentário de Peter Jackson do Oscar 2019 - Histórias do Oscar #34
Li4dGvCxXps|Earwig and the Witch - Crítica da animação do Studio Ghibli
U3W8rhTjKwk|Dear Comrades! (Caros Camaradas) - Crítica do filme: o candidato da Rússia ao Oscar!
_OrjyoEDfFY|Pré-listas do Oscar 2021: 'Babenco' fora da disputa
0gMQy1BRIuw|Critics Choice Awards 2021 - Meus votos e análise das indicações
f9gcqe9CJ2c|Bliss: Em Busca da Felicidade - Crítica do filme da Amazon
hmcc8SMVQxM|Ao vivo: Da 5 Bloods, Christopher Plummer, BAFTA, temporada de premiações e mais!
Xdi5qbxJI8g|Wrong Turn (Pânico na Floresta, 2021) - Crítica do filme
KpiSnD6iisc|SAG Awards 2021 - Análise das nomeações (cinema)
2YWF71yBKI0|Esnobes e absurdos das indicações do Globo de Ouro 2021
Y6yUZJtOQ1I|Globo de Ouro 2021 - Análise dos indicados (cinema)
-Lg-j0VoUZs|Judas and the Black Messiah (Judas e o Messias Negro) - Crítica: o meu filme favorito da temporada!
QNjR1NUQq5g|Batman Returns (Batman: O Retorno, 1992) - Crítica do filme
-Q4gTbRy1YQ|Ao vivo: as chances de Bacurau no Spirit e Oscar 2021; campanha de Babenco, prévia do SAG e mais!
pO7ltrjIqfE|A Nuvem Rosa - Crítica do filme
dSF-RWznCC4|Escape from Alcatraz (Fuga de Alcatraz, 1979) - Crítica do filme
UPe3Ucj28vc|Palmer - Crítica do filme da Apple
rahtg5Cb7Mw|The Dig (A Escavação) - Crítica do filme da Netflix
LgR94mb1miI|The Little Things (Os Pequenos Vestígios) - Crítica do filme
vi6keIKZD2w|Indicados ao Spirit Awards 2021: Bacurau, mudanças na premiação e mais!
30Ximru4S48|The Kid (O Garoto) - Crítica: 100 anos do lançamento do clássico de Charlie Chaplin
OoyBFjRZxpI|Ao vivo: Nova série de adiamentos no cinema. Meus votos para a premiação da crítica e notícias!
ha8GoSr3Wyw|The White Tiger (O Tigre Branco) - Crítica do filme da Netflix
JqZt3VlZerk|Malcolm & Marie - Crítica do filme da Netflix
b305_cjHHbo|Oscar 2021 - Melhor filme, direção e roteiros (prévia de janeiro)
9GLc6NBzRuU|Halloween - Ressurreição (2002) - Crítica do filme
g96fHoyuel4|The Marksman (Na Mira do Perigo) - Crítica do filme: homenagem à Clint Eastwood
pdgvwAbd2NA|Como John Boorman criou o screener para a temporada de premiações - Histórias do Oscar #33
Uh7ESJQmI8Q|Ao vivo: grandes mudanças no Oscar de filme internacional, situação Warner/Universal Brasil e mais!
47k_3n8-I6I|Oscar 2021 - Melhor ator, atriz e coadjuvantes (prévia de janeiro)
J72u_huV8Sg|Outside the Wire (Zona de Combate) - Crítica do filme da Netflix
u1umBRUBVik|Locked Down (Confinamento) - Crítica do filme da HBO Max
hH4mcck4LRM|The Mauritanian (O Mauritano) - Crítica do filme
l8yAcl4mdqw|Cassino Royale (1967) - Crítica do filme
1wIZ9bpxQ7g|Vencedores do Gotham Awards 2021: Nomadland, Riz Ahmed e o impacto na temporada
jjXTftjm7h8|Critics Choice Super Awards - comentários ao vivo
KOM4EQEFNEE|The Dead Pool (Dirty Harry na Lista Negra, 1988) - Crítica do filme
j565Tx720bQ|Ao vivo: Malcolm & Marie, campanhas da Netflix, Cherry e notícias da semana!
dSjX-Bp_ESA|Fatale - Crítica do filme
edG-nAY5dHE|Halloween H20: Vinte Anos Depois (1998) - Crítica do filme
pbMjE2ZHmZQ|Honest Thief (Legado Explosivo) - Crítica do filme
fyGqEFd0zFU|Hannibal Rising (Hannibal - A Origem do Mal, 2007) - Crítica do filme
CewXQRdoA9s|The World to Come - Crítica do filme
HKHewS8DMrg|Supernova - Crítica do filme: Stanley Tucci no Oscar?
Rt8UjgLfzXk|Os dez filmes que mais aguardo em 2021
s0wVWugOazA|Babenco - Alguém tem que ouvir o coração e dizer: Parou - Crítica do documentário
UkG_D_Gl6_U|Saint Maud - Crítica do filme (sem spoilers)
lctJ65aAfDQ|Greenland (Destruição Final: O Último Refúgio) - Crítica do filme
eTMoBV2Qk_o|Retrospectiva 2020: o pior ano da história do cinema
zBZqW6R5Wmc|Ao vivo: Polêmica Minari x Globo de Ouro. MGM será vendida? Notícias da semana!
WeLcgJ0MShA|Os dez melhores filmes de 2020
yM96HehWWIk|Wild Mountain Thyme (Além das Montanhas) - Crítica do filme: a última bomba de 2020
7ZWFiccwZJw|Oscar 2021 - Melhor filme, direção, roteiro original e adaptado (prévia de dezembro)
kOjMG1UEVkE|Mulher-Maravilha 1984 - Crítica do filme
-l6qJJeMJPM|Os dez piores filmes de 2020
rW0scSXKRnA|Monster Hunter - Crítica do filme
mWLSNefnaxs|Ao vivo: Vencedores NYFCC! Bacurau com grande destaque nas premiações da crítica e mais notícias!
XcrhJh5NnZU|News of the World (Relatos do Mundo) - Crítica do filme
wn0A606DiHw|Wander Darkly - Crítica do filme
JaM1ndALi3o|007 - Um Novo Dia para Morrer (2002) - Crítica do filme
Xvx3lPXZWmk|Halloween 6: A Última Vingança (1995) - Crítica: versão do cinema x versão dos produtores
z3HrpvRU4E4|Oscar 2021 - Ator, atriz e coadjuvantes (prévia de dezembro)
9SG4JP1Thvw|Promising Young Woman (Bela Vingança) - Crítica do filme
sWxMIsE0pbI|Ma Rainey's Black Bottom (A Voz Suprema do Blues) - Crítica do filme da Netflix
tUBEZq3PwzM|Ao vivo: Villeneuve e Nolan contra Warner, anúncios da Disney, exibidores dos EUA pessimistas e mais
QflfsA2nEsc|I'm Your Woman - Crítica do filme da Amazon
DBgP2Iy_28M|Let Them All Talk - Crítica do filme
OzgS-07wrxw|The Midnight Sky (O Céu da Meia-Noite) - Crítica do filme da Netflix
Aq46Ql9oW10|Collective - Crítica: o melhor documentário do ano é o candidato da Romênia ao Oscar!
3Edf65sTUdI|Meus votos para o Critics Choice Super Awards!
DkXTNytVZcA|The Prom (A Festa de Formatura) - Crítica do filme da Netflix
PNe4FyXCTgU|Ao vivo: Cinemas x Warner, cerimônia do Oscar 2021 e notícias da semana!
LTAaG30KYdE|Mank - Análise do filme com spoilers: Hollywood clássica, política, Cidadão Kane e Orson Welles.
sOUUl1zja6Y|Warner lançará todos seus filmes de 2021 no HBO Max na mesma data da estreia nos cinemas!
6tH3hvvnkGI|Mank, Orson Welles e o roteiro de Cidadão Kane - Histórias do Oscar #32
Jg9OTGPVvZM|Soul - Crítica da animação da Pixar
kJn4bA05fQc|Os Croods 2: Uma Nova Era - Crítica da animação
AG8-sENjUU0|Ammonite - Crítica do filme
PPYvKp220Qc|Ao vivo: Godzilla vs Kong no streaming? Começo das campanhas ao Oscar e notícias da semana
o0JMzmcRXD4|Oscar 2021 - Melhor filme (prévia de novembro)
KpTzX9YWDes|Uncle Frank (Tio Frank) - Crítica do filme da Amazon
NiX0l7V2SHY|Happiest Season (Alguém Avisa?) - Crítica do filme
VrytEPvnr7Y|Hillbilly Elegy (Era Uma Vez um Sonho) - livro x filme: análise com spoilers
WTLBsQbos6k|Fatman - Crítica do filme
UhktekryVSU|Run (Fuja) - Crítica do filme
Lr6Ts75c7iY|Ao vivo: Brasil no Oscar 2021, Critics Choice Super Awards, acordo Cinemark/Universal e mais!
XWwb2DimnhQ|Mank - Crítica do filme da Netflix
a0OcX4mt1sE|Mulher-Maravilha 1984 será lançado nos cinemas e HBO Max: estratégia e contradição
zgruel8YWRo|'Babenco', de Bárbara Paz, é o indicado brasileiro ao Oscar 2021
fqesgxhWUFY|Halloween 5 - A Vingança de Michael Myers (1989) - Crítica do filme
5U-QmvkArLc|Freaky: No Corpo de um Assassino - Crítica do filme da Blumhouse
r44iSenCNog|Oscar 2021 - Ator e atriz coadjuvantes (prévia de novembro): Glenn Close, indefinições e surpresas!
fAjs4aS3d4A|Ao vivo: Indicados ao Gotham Awards, Brasil e Oscar, Mulher-Maravilha 1984 e notícias da semana!
ngihyFr-47w|Rosa e Momo - Crítica do filme da Netflix: o retorno de Sophia Loren!
VsJF6Pv9ByU|Friday the 13th (Sexta-Feira 13, 1980) - Crítica do filme
DiHSh0FJosM|Hillbilly Elegy (Era uma Vez um Sonho) - Crítica do filme da Netflix (sem spoilers)
j9_Tb73RgHs|"""Qualquer um, menos Welles"": William Hearst e a campanha contra Cidadão Kane. Histórias do Oscar #31"
fb-4MWH0MBI|A Trincheira Infinita - Crítica do filme da Netflix: o candidato da Espanha ao Oscar 2021!
J1lWatqC5KI|Red Dragon (Dragão Vermelho, 2002) - Crítica do filme
wwfuLVNi_0g|Ao vivo: Disney desiste dos cinemas em 2020, Nolan rebate críticas sobre Tenet e notícias da semana
az0am7BADmg|Oscar 2021 - Melhor ator e atriz (prévia de novembro)
Fy-OsCEy8Jo|Bob Esponja: O Incrível Resgate - Crítica da animação da Netflix
DlugVOD8cGA|Sudden Impact (Impacto Fulminante, 1983) - Crítica do filme
tR6MZ9F0T1g|5 filmes sobre política dos Estados Unidos
HZjvqv2Uz3U|007 - O Mundo Não é o Bastante (1999) - Crítica do filme
snLrWcF8ihc|The Hunt for Red October (Caçada ao Outubro Vermelho, 1990) - Crítica do filme
uVZyHSj_J6c|Obrigado, Sean Connery (1930-2020): homenagem ao ator e notícias da semana
Ub3GMFNeTNo|Halloween 4 - O Retorno de Michael Myers (1988) - Crítica do filme
E_htvzfrcLA|His House (O Que Ficou Para Trás) - Crítica do filme da Netflix
R1ZENiv_DvU|The Craft: Legacy (Jovens Bruxas - Nova Irmandade) - Crítica do filme da Blumhouse/Sony
d9V5ONg4THU|Empty Man (O Mensageiro do Último Dia) - Crítica: Disney descarta mais um filme da FOX
Tt4kOjPOOVk|Me tornei membro do Critics Choice!
9-Y-f07N2Ws|Over the Moon (A Caminho da Lua) - Crítica da animação da Netflix
ghF9ydPNM7Q|Minari - Crítica do filme: a aposta da A24 para o Oscar!
Fz5qSSobeps|Ao vivo: Oscar 2021 - melhor filme (prévia de outubro) e notícias da semana
FLftdFlBPiE|Borat 2 - Fita de Cinema Seguinte - Crítica do filme da Amazon
mn5SVuEfs4o|The Witches (Convenção das Bruxas, 2020) - Crítica do filme
bkHNzBCryOw|Rebecca - A Mulher Inesquecível (2020) - Crítica do filme da Netflix
ck9cvMrXOYc|Manhunter (Caçador de Assassinos, 1986) - Crítica do filme de Michael Mann
l7jUXVpi9Aw|Sound of Metal (O Som do Silêncio) - Crítica do filme da Amazon: Riz Ahmed no Oscar?
HUc7R8f9lik|Nuevo Orden (Nova Ordem) - Crítica do filme de Michel Franco
VDRpMdzxw8k|Ao vivo: Netflix e Oscar 2021, Saint Maud, Ammonite, prévia de melhor filme internacional e notícias
PJCeIcgWbPM|Os 7 de Chicago - Análise com spoilers
e-HSZsGK-ow|Halloween III - A Noite das Bruxas (1982) - Crítica: o terror mais injustiçado dos anos 80?
lWTFLnixn9s|Evil Eye (Mau-olhado) e Nocturne (Noturno)- Críticas dos filmes da Amazon/Blumhouse
I_ttusXEkPQ|The Father (Meu Pai) - Crítica do filme: a melhor atuação da carreira de Anthony Hopkins?
m62iy4Cff4A|Vencedores do Grande Prêmio do Cinema Brasileiro 2020 e comentários sobre a premiação
vKCvdooYBxs|French Exit - Crítica do filme
d7rI2koP0Ng|Ao vivo: o que sobrou para o cinema em 2020? Mostra de SP, prévias de coadjuvantes no Oscar e mais!
6IenRhQ3Y6I|Halloween II - O Pesadelo Continua (1981) - Crítica do filme
iMfiVJzTY1o|Mank - Comentário sobre o teaser trailer e expectativa para o filme dirigido por David Fincher
zwwBf6QkApQ|Black Box (Caixa Preta) e The Lie (Mentira Incondicional) - Críticas dos filmes da Amazon/Blumhouse
966AryTsn84|"Duna e Batman adiados! Novas datas da Warner: o ""experimento Nolan"" fracassou."
HbkJYMtbxDE|Possessor Uncut - Crítica do filme de Brandon Cronenberg
E2N_QWA9b6I|Borat (2006) - Crítica do filme
WFt-pRz4tQg|Ao vivo: 007 adiado, novo filme de Clint Eastwood, notícias e prévias de roteiro no Oscar 2021.
Ds8WvTlliFE|Kajillionaire - Crítica do filme de Miranda July
w79fLeEWri4|Halloween - A Noite do Terror (1978) - Crítica do filme
K-vzNpYLGPY|007 - Na Mira Dos Assassinos (1985) - Crítica do filme
cr0tTl5nN-I|Rebecca, a Mulher Inesquecível (1940) - Crítica do filme de Alfred Hitchcock
IA5IqfMjefA|Ao vivo: prévia de melhor direção no Oscar 2021, mudanças no BAFTA, datas da Disney, Netflix e mais!
iUvBqokM86I|The Trial of the Chicago 7 (Os 7 de Chicago) - Crítica do filme da Netflix
-Khj-BoSBhM|On the Rocks - Crítica do filme da A24/Apple
f_SOPVYP9W4|Enola Holmes - Crítica do filme da Netflix
Dw4u05--_00|Oscar 2021 - Melhor atriz e melhor ator (prévias pós-festivais)
Hri42TABtUo|007 contra Octopussy (1983) - Crítica do filme
F2Mty7rpI10|George C. Scott rejeita o Oscar! - Histórias do Oscar #30
QZCaXx2L0s8|Ao vivo: Oscar 2021 - prévia de melhor filme (pós-festivais) e notícias da semana
6znY0KEV2Sw|Antebellum (A Escolhida) - Crítica do filme
_MKSV4Jgai0|Another Round - Crítica do filme de Thomas Vinterberg
3PJ0OSto3Xk|The Devil All the Time (O Diabo de Cada Dia) - Crítica do filme da Netflix
DSEKavXSpEw|Concrete Cowboy e Wolfwalkers - Críticas
cLccPXXo8aY|The Trial of the Chicago 7 (Os 7 de Chicago) - comentários sobre o teaser trailer e expectativa
Yoy6IZL7qB8|Pieces of a Woman - Crítica do filme da Netflix
usvXnSqNaWw|Ao vivo:  Nomadland vence Leão de Ouro! Ammonite, Oscar, adiamento de Mulher-Maravilha e mais!
4z1dok-KSMg|Nomadland - Crítica do filme
MfnQvu0U5cQ|Apples, Never Gonna Snow Again e Night of the Kings - Críticas
nzXZkNmmVS0|One Night in Miami (Uma Noite em Miami) - Crítica do filme da Amazon
ZBM8qnCM7wU|Duna - Análise do trailer e expectativa
txJOjDjbDeM|A maior reforma da história da Academia: critérios de representatividade a partir do Oscar 2024!
Kg-Quh3Ed4s|Alive - Crítica do filme da Netflix
kl9O1k6EXdc|007 - Somente Para Seus Olhos (1981) - Crítica do filme
GQ2hMUFV6fE|Oscar 2021: melhor ator coadjuvante (primeira prévia)
n6ESsS7juxo|Ao vivo: nova versão de O Poderoso Chefão p. III, Mank, Tenet, cinemas no Brasil e mais notícias
TKaDxs7R_fQ|Estou Pensando em Acabar com Tudo - análise com spoilers sobre o filme e a adaptação
H6B3U0_-Acc|Mulan (2020) - Crítica do filme da Disney
vLUP1XcRX-U|A polêmica campanha de Melissa Leo - Histórias do Oscar #29
PrS3SWozV9k|007 - Os Diamantes São Eternos (1971) - Crítica do filme
j8tvtMOwHuA|Tenet - Crítica do filme (sem spoilers)
KURExCjBLQ8|Ao vivo: Chadwick Boseman, Disney e o mercado de mídia física, GP do Cinema Brasileiro e mais
iz7OPyty0ws|Os Novos Mutantes - Crítica do filme (sem spoilers)
Fiaodoj6DNw|Bill & Ted Face the Music (Encare A Música) - Crítica do filme
GtF99M1B_IM|Estou Pensando em Acabar com Tudo - Crítica do filme da Netflix (sem spoilers)
gRVpukTE9XM|Bill & Ted's Bogus Journey (Dois Loucos no Tempo, 1991) - Crítica do filme
vR2bAiOOftw|The Personal History of David Copperfield - Crítica do filme
Fs2ewXwF1SE|Bill & Ted's Excellent Adventure (Uma Aventura Fantástica, 1989) - Crítica do filme
91BF3AukjTw|Invasão Zumbi 2: Península - Crítica do filme (sem spoilers)
M7b7I5DV6fo|Ao vivo: Remake de 'O Exorcista', 'Juntos pelo Cinema' e a polêmica reabertura + notícias da semana
OvgilZE2AXk|The One and Only Ivan (O Grande Ivan) - Crítica do filme da Disney
3IBFc0Fw7L8|Com 007 Só Se Vive Duas Vezes (1967) - Crítica do filme
IE5Ns0u2TfM|Unhinged (Fúria Incontrolável) - Crítica: o filme da reabertura dos cinemas
b8_5B2TkAZY|Tesla - Crítica do filme
mr5QTY_n8Kk|The Enforcer (Sem Medo da Morte, 1976) - Crítica do filme
a2ngYDkLwKU|Boys State - Crítica do documentário da A24/Apple
LXYQRDEGbpo|Ao vivo: Warner BR muda datas de Tenet e Mulher-Maravilha, Brasil x Oscar, Festival de NY e notícias
gyMAxtx3kpk|Project Power - Crítica do filme da Netflix
VZklAIKEXOw|007 - Quantum of Solace (2008) - Crítica do filme
rv0AEb_xitU|Oscar 2021: melhor atriz coadjuvante (primeira prévia)
zPA1y89KDNQ|The Tax Collector (O Cobrador de Impostos) - Crítica do filme: o pior de David Ayer?
kANTuiKUBuM|Waiting for the Barbarians (À Espera dos Bárbaros) - Crítica do filme
e_6Wv1n5USs|Ao vivo: Mulan direto para aluguel: e no Brasil? Mudanças na estrutura de distribuição, datas e mais
RJRLyoM1uBM|An American Pickle - Crítica do filme do HBO MAX
55lOu_LYa3E|Oscar 2021 - Melhor ator (primeira prévia)
eLsoMYjMUBo|Magnum Force (Magnum 44,  1973) - Crítica do filme
G5gQ_ZDLm-4|007 - O Amanhã Nunca Morre (1997) - Crítica do filme
QWkS4ZcOzB0|She Dies Tomorrow (Vou Morrer Amanhã) - Crítica do filme
FazX-K_JLHo|Scorsese, Weinstein e a desastrosa campanha da Miramax para melhor diretor - Histórias do Oscar #28
ZyNvZ3s2S3Y|Ao  vivo: lista do Festival de Toronto 2020, o legado de Olivia de Havilland e Alan Parker e mais
7d9vxyE3H5M|Oscar 2021 - Melhor atriz (primeira prévia)
raHCPri3cZc|Rede de Ódio - Crítica do filme da Netflix
c99rzgdanw8|Yes, God, Yes - Crítica do filme
hki_pELS660|Revolução na distribuição de filmes: acordo AMC/Universal e janela nos cinemas de apenas 17 dias!
NMzYP_IA0ME|007 - Permissão Para Matar (1989) - Crítica do filme
iZytT15bSWs|A WWE tirou a chance de Mickey Rourke? - Histórias do Oscar #27
fm0Je_3MdlQ|Ao vivo: Tenet e planos dos cinemas do Brasil e EUA, Oscar 2021 e notícias da semana
_oRrRXe2NXg|Amulet (Amuleto) - Crítica do filme
BcpV8ZYPko0|The Rental - Crítica do filme: estreia de Dave Franco como diretor!
dSZGqoZqGYw|The Killing (O Grande Golpe, 1956) - Crítica do filme de Stanley Kubrick
1SSVsqBwi10|007 contra o Foguete da Morte (1979) - Crítica do filme: James Bond no Brasil!
nmAe9vWb614|Psicose (1998) - Crítica do filme de Gus Van Sant - remake x réplica x originalidade
OdKb6bO6xxo|Ao vivo: Telluride cancelado, reabertura dos cinemas chineses, anúncios da Netflix e mais!
e4WtoDB6PTs|Yojimbo - Crítica do filme de Akira Kurosawa
vGg46hBmSYc|Encontro Fatal - Crítica: a era dos filmes C na Netflix
QB3HpCmGloA|Peacock - Catálogo completo de filmes e séries do novo serviço de streaming da NBCUniversal nos EUA
AmCvaBFHDqA|007 - O Espião Que Me Amava (1977) - Crítica do filme
ntDQPj2j1vs|Relic - Crítica do filme
t5rXL1OiNkE|Ao vivo: Festivais de cinema da temporada, drive-ins em alta e mais!
pJ3rP2H6_UU|Palm Springs - Crítica do filme: a maior surpresa do ano!
YAGA8yLXOF8|The Old Guard - Crítica do filme da Netflix
KIb2L0ouhtA|Greyhound: Na Mira do Inimigo - Crítica do filme da Apple TV+
p1NplPe6VCQ|Das Boot (O Barco, 1981) - Crítica do filme
Nh2K3PGMqo8|Ligue Djá: o Lendário Walter Mercado - Crítica do documentário da Netflix
uSr0flMhfQk|007 contra o Homem com a Pistola de Ouro (1974) - Crítica do filme
-OWGHKCYpZA|Obrigado, maestro Ennio Morricone
LaLgnBIECsk|Batman (1989) - Crítica do filme
uJIai-5rfsc|Ao vivo: otimismo na indústria! Primeiros filmes para o Oscar 2021 e anúncios da Disney e Netflix
WlEkg7SZFeU|"""Amo vocês. E gostaria de um Oscar!"": a pior campanha de todos os tempos - Histórias do Oscar #26"
0OWOnwGB9Ps|Hamilton - Crítica do filme do Disney+
0T1u-yGM1No|Dirty Harry (Perseguidor Implacável, 1971) - Crítica do filme
1QPBa5sP0xw|007 - Nunca Mais Outra Vez (1983) - Crítica do filme
QIykc7Catws|50 mil, muito obrigado! Respondendo questões de inscritos
x0uMYXKdAcc|Irresistible - Crítica do filme estrelado por Steve Carell
mFdFCSPJrUs|Ao vivo: o caos na distribuição, Tenet e Mulan adiados e mais!
zZX_tP_Te0Y|Festival Eurovision da Canção: A Saga de Sigrit e Lars - Crítica do filme da Netflix
RFiUsLOJ8vI|Ninguém Sabe que Estou Aqui - Crítica do filme da Netflix
DGmcVPZ0zho|Atleta A - Crítica do documentário da Netflix
K6OAZjfywBk|A General (1926) - Crítica do filme de Buster Keaton
egudvbKjirI|Hattie McDaniel vence o Oscar de atriz coadjuvante por 'E o Vento Levou' - Histórias do Oscar #25
t0c3sSlL-bo|Batman, o Homem Morcego (1966) - Crítica do filme
_ADkxf7HKgA|Ao vivo: Refilmagens de Duna, problemas com West Side Story, reabertura dos cinemas dos EUA e mais!
_6JvHzd9w7Y|You Should Have Left - Crítica do filme
LNvp9aUL_VU|7500 - Crítica do filme do Prime Video
b5sSph1KnjA|Thunderball - 007 Contra a Chantagem Atômica (1965) - Crítica do filme
HDBeAPIqyV0|Psicose IV (1990) - Crítica do filme
y0c2vc0WmWM|Oscar 2021 oficialmente adiado!
QGAFi-RgqQM|The King of Staten Island (A Arte de Ser Adulto) - Crítica do filme de Judd Apatow
0vde0Mq3orI|Ao vivo: 'E o Vento Levou', expansão da Amazon Brasil, adiamentos da Warner e mais!
6qWTqE_MfrE|Da 5 Bloods (Destacamento Blood) - Crítica do filme da Netflix (sem spoilers)
mR9Xh-z4JQU|Artemis Fowl - Crítica do filme (sem spoilers)
GqVgLMKjc2Q|Full Metal Jacket (Nascido para Matar) - Crítica do filme
Uz2mfY-FQhw|Apocalypse Now - Crítica do filme
vrhFYm1JvIU|Platoon - Crítica do filme de Oliver Stone
VT_nAmHmr2I|Os Boinas Verdes - Crítica do filme de John Wayne: cinema x propaganda - Semana Guerra do Vietnã #1
XjYnuFeIdqw|Shirley - Crítica do filme estrelado por Elisabeth Moss
iJgZXep9icw|The Last Days of American Crime - Crítica do filme da Netflix
3cvZ60I2A9o|007 contra Goldfinger (1964) - Crítica do filme
4uExYM0VaT4|Psicose III (1986) - Crítica do filme
iAzKuQzmgVs|Oscar 2021 - Melhor roteiro adaptado, primeira prévia: apostas e dicas de leitura
RZZucPeWJVA|Ao vivo: contrato de Scorsese com Paramount/Apple, Netflix fora dos festivais, Sonic 2 e mais!
OUq_iaobk44|The Vast of Night (A Vastidão da Noite) - Crítica do filme do Prime Video
DwDL8V3Y6gc|HBO MAX- análise do serviço nos EUA: conteúdo, preço, transmissão, conta infantil e mais!
_WZ5e28QzpY|HBO MAX - Catálogo completo de filmes e séries no lançamento dos Estados Unidos
p1Fe7qZD07g|Moscou contra 007 (1963) - Crítica do filme
TwW9U0VWrXQ|Oscar 2021 - Melhor filme, primeira prévia: as apostas das principais distribuidoras!
raWh2Cv52YM|Ao vivo: Snyder Cut, prévia do HBO Max, data de lançamento de Tenet e outras notícias da semana!
bFQBzlY8HHA|O Circo (1928) - Crítica: Chaplin odiava seu próprio filme?
KPtOY1JjHWk|Dominion - Prequela de O Exorcista (2005) - Crítica do filme
lONytYOW6Mg|Art Carney supera Al Pacino e Jack Nicholson no Oscar de melhor ator - Histórias do Oscar #24
Arb4wvpY6do|007 - Cassino Royale (2006) - Crítica do filme
H2EYiRCDoz8|Psicose II (1983) - Crítica do filme
RQKQmDovujs|Ao vivo: Reabertura dos cinemas em julho? Análise do calendário de lançamentos do Brasil e dos EUA
ZBHGDfKFGSQ|Scooby! O Filme (2020) - Crítica sem spoilers
E0sIIaO6-nE|Exorcista - O Início (2004) - Crítica do filme
nIvMjQnX3Uk|Arkansas (2020) - Crítica do filme
KU2Oqc9bScU|Capone (2020) - Crítica do filme estrelado por Tom Hardy
yDxJIRR4PX4|Z Channel e o primeiro filme indicado graças à televisão - Histórias do Oscar #23
44ZK5v6vA4Y|Memórias de um Assassino (2003) - Crítica do filme de Bong Joon-ho
khXQySVvy6M|Oscar 2021: como a pandemia gerou a maior mudança da história do Oscar de melhor filme internacional
HYkIYFCk0eM|Psicose (1960) - Crítica do filme de Alfred Hitchcock
L6IHZVCXdGM|007 contra GoldenEye (1995) - Crítica do filme
6mhl4swTvEc|The Lodge (O Chalé) - Crítica do filme
dPV2G6faYQ8|O Exorcista III - Crítica do filme
5aSQ3c-s90M|Ao vivo - exibidores contra Universal: o sucesso de Trolls 2 criou um novo modelo de distribuição?
Yk5kfSfUyy0|The Assistant (A Assistente) - Crítica do filme
tar6r0L6bFE|A Infância de Ivan - Crítica do filme de Andrei Tarkovsky
Vezq6KEKTbY|Mentiras Perigosas - Crítica do filme da Netflix
FqhyvbHdoG0|007 – Marcado Para A Morte (1987) - Crítica do filme
HVq6rHWd1hc|Oscar 2021: liberação dos filmes no streaming, mudança na categoria sonora e de filme internacional
w_ukmJUhWW0|Como fazer um clássico contemporâneo e como não fazer um remake: O Silêncio do Lago (1988 e 1993)
wlp3EMxmVno|Bad Education (Má Educação) - Crítica do filme da HBO
YKY2ByZyUxY|Os Irmãos Willoughby - Crítica da animação da Netflix
6GjTmsxmwv0|Com 007 Viva e Deixe Morrer (1973) - Crítica do filme
SRDbl1CoFpI|Resgate - Crítica do filme da Netflix
vI7owCO1psk|O Exorcista II - O Herege - Crítica do filme: a pior sequência da história do cinema
VTEoVdiTpFA|O Silêncio do Pântano - Crítica do filme da Netflix
w_NCdsGJrhs|Como Crash desbancou Brokeback Mountain e venceu o Oscar de melhor filme - Histórias do Oscar #22
kSGjY2Ei9S4|Duna (1984) - Crítica do filme de David Lynch
YVk89NjYnWo|Altos Negócios - Crítica do filme da Netflix
BIi78Km9FIY|Sergio - Crítica do filme da Netflix
QgrS9QPexkw|Em Busca do Ouro - Crítica e discussão sobre as versões de 1925 e 1942
vH747HAcdLU|007 - A Serviço Secreto de Sua Majestade (1969) - Crítica do filme
a55faTovEt0|"""Pode ser o fim de Hollywood!"" - A Academia e o boicote a O Exorcista - Histórias do Oscar #21"
5lFBrSmV5hw|O Exorcista (1973) - Crítica do filme
HwBoYhOl9Tw|Zodíaco - Crítica do filme
-GsjTOXqMso|007 contra o Satânico Dr. No (1962) - Crítica do filme
cGX-uK_Vd1A|Vá e Veja  - Crítica do filme
vppVnf3cqtM|Trolls 2 - Crítica da animação
rn3gTHvm524|Never Rarely Sometimes Always (Nunca, Raramente, Ás Vezes, Sempre) - Crítica do filme
T4bBhMsLFbU|Crítica, Oscar e Cinema Brasileiro: bate papo com Otavio Ugá (@Super Oito)
yyLsaRLJFD4|Vivarium (Viveiro)- Crítica do filme
-KpCxXai4JU|O Declínio - Crítica do filme da Netflix
9vXv6l72czM|Meu novo podcast - Dalenogare no Cinema! Apresentação do episódio 'O Brasil e o Oscar'
hfm0DuF9lXw|Resistance - Crítica do filme
9pCqfcVWblc|Curtiz (Filmando Casablanca) - Crítica do filme da Netflix
75EAYTL28Ig|A Casa - Crítica do filme da Netflix
x-H8A-LbiRg|Oscar 2021: primeiras discussões - filmes direto para aluguel/streaming serão considerados?
ghXisSAfcUs|Blow the Man Down - Crítica do filme da Amazon Prime
8Vk2rrq5LyE|O Poço (El Hoyo) - Crítica do filme da Netflix
IIYSpwJMMGQ|The Banker - Crítica do filme da Apple TV+
VC4pw5vAhuo|High Noon (Matar ou Morrer) - Crítica do filme: um clássico do western!
lx6P14M3lKU|Vencedores do Framboesa de Ouro 2020
vr3LCTJdqWA|Universal faz história e rompe com a janela de exclusividade nos cinemas! E no Brasil?
oRMcGSX3ZOU|"""Tão ruim que é bom"" - Cinema trash e filmes B, C e Z."
Xj_zkk617KQ|45 dias sem grandes lançamentos, exibidores em pânico: a maior crise da história do cinema
Cj2iKobfUVk|Bloodshot - Crítica do filme
LiU7M1AiHS4|The Hunt (A Caçada) - Crítica do filme: o mais polêmico de 2020?
qAw_m8PV-I0|O professor de cinema que desclassificou a trilha de O Poderoso Chefão - Histórias do Oscar #20
joSF51wh-Uo|Escape from Pretoria (Fuga de Pretória) - Crítica do filme
41LF1QA-src|Onward (Dois Irmãos) - Crítica da animação da Pixar
XC99Jeb37rg|The Way Back (O Caminho de Volta) - Crítica do filme
wtajcrn3Hxc|"The Jesus Rolls - Crítica do filme: o ""spin-off"" de The Big Lebowski"
Reu9p7Gezys|First Cow - Crítica do filme da A24
jfS4XlN-d6g|Coronavírus e a maior crise de distribuição da história do cinema
dlr75akeAQU|O Homem Invisível (1933): um clássico do terror!
WeTQHV_nhkw|O Homem Invisível - Crítica do filme de 2020
Q9K0nuRgwDA|Boneco do Mal 2 - Crítica do filme
XUJi7U8b7oQ|A estatueta sem cabeça de Barry Fitzgerald e o Oscar de gesso - Histórias do Oscar #19
ZfALenfjr3k|A Última Coisa que Ele Queria - Crítica do filme da Netflix
-aMtT4qKCrA|Emma - Crítica do filme
ZiP0TGhU54g|O Chamado da Floresta - Crítica do filme
iZY4amKGvjg|Fantasy Island (A Ilha da Fantasia) - Crítica do filme
bJjkgedmpnU|Netflix gasta mais de 80 milhões de dólares em campanha e conquista apenas dois Oscar. O que houve?
cNXYbxNDkvk|Sete recomendações de leitura para estudar cinema
DQ3tdaWvkA8|Sonic - Crítica do filme (sem spoilers)
lgbNlzwVZV4|Parasite e a campanha mais efetiva da história do Oscar para um filme em língua não inglesa
fF89ZbaF6Ss|Oscar 2020 tem a menor audiência da história: melhor filme popular é a solução?
EDnCsDqzBTM|Oscar 2020 - Análise dos vencedores: a noite histórica de Parasite!
-MvtRU76M40|Oscar 2020 - Comentários ao vivo
DEpcdSmFrVs|Spirit Awards 2020 - Análise dos vencedores
PQOVT26OIZs|Spirit Awards 2020 - Comentários ao vivo
g99sOd2XZcs|Como funciona o método preferencial para a votação do Oscar de melhor filme?
Swm2VwLjygk|Aves de Rapina (Birds of Prey) - Crítica do filme (sem spoilers)
mXGp-Uw1iC4|Maria e João: O Conto das Bruxas (Gretel & Hansel) - Crítica do filme
DN-Em9E8a0s|Oscar 2020 - Apostas finais!
Vae-modxi3s|BAFTA 2020 - Análise dos vencedores
OC6GHFry3oU|Curtas de animação indicados ao Oscar 2020: comentários sobre as cinco produções
IEJJp7gxd9U|Dor e Glória - Crítica do filme
mu_XMOnXwfw|Documentários em curta-metragem indicados ao Oscar 2020: comentários sobre as cinco produções
g634C3BYbpw|The Gentlemen (Magnatas do Crime) - Crítica do filme
aUDOFCZTHJU|The Turning (Os Órfãos) - Crítica do filme
Sj1WdvtsM5c|Curtas-metragens indicados ao Oscar 2020: comentários sobre as cinco produções (live-action)
gh2aCkZfuPA|Os Miseráveis - Crítica do filme: o candidato da França ao Oscar 2020
o7TD9n4WAbo|Meus votos para o Spirit Awards 2020
7PctubY5szc|Corpus Christi - Crítica do filme: o candidato da Polônia ao Oscar 2020
5dTcU3Kdz50|SAG Awards 2020 - Análise dos vencedores (cinema)
VzfjQYql6i8|SAG Awards 2020 - Comentários ao vivo
6v_lA5lG2VQ|Dolittle - Crítica do filme
_t6ZCxvAjMM|A24 - entre o catálogo de qualidade e a falta de reconhecimento no Oscar 2020
joyXXOW990Y|Bad Boys para Sempre - Crítica do filme (sem spoilers)
ILHN1o-ByLA|For Sama - Crítica do documentário
7q24hpDgXHE|Oscar 2020 - Análise das nomeações
17Jw8zWf_PM|Democracia em Vertigem indicado ao Oscar de melhor documentário: análise da categoria
pIGPo_0SRt0|Oscar 2020 - Análise das nomeações (ao vivo)
shOpej9tUt0|Just Mercy (Luta por Justiça) - Crítica do filme
an5SdIb_Zr8|Ameaça Profunda - Crítica do filme (sem spoilers)
5YCGKxVTFmg|Oscar 2020 - Apostas para as nomeações
ar7KmV_-fhs|BAFTA 2020 - Análise dos indicados
FWDndgoc6-w|Globo de Ouro 2020 - Análise dos vencedores (cinema)
j-aicWkI8tA|Globo de Ouro 2020 - Comentários ao vivo
_0k4KP-aJaM|Ao vivo: Globo de Ouro 2020 - palpites e prévia final
Q0a_P39rDb8|The Grudge (O Grito) - Crítica do filme de 2020
7FXKFQYTalY|"Por que janeiro é o pior mês para lançamentos nos EUA? Entendendo o ""dump season"""
rqXBprkOPmg|Os dez melhores filmes brasileiros da década (2010-2019)
0baXo3KpPFU|Os dez filmes que mais aguardo em 2020
DvHTzXyrqAI|Uma Mulher Alta (Beanpole) - Crítica do filme
kUGEglX2PsY|Os dez melhores filmes da década (2010-2019)
Zx8FmuZbuhY|"Versão ""melhorada"" de Cats: o começo do beta testing no cinema?"
bXx5gaJwXl4|Honeyland - Crítica do documentário
2bEVpDJHEZg|Os dez melhores filmes de 2019
8_9JkHgf1O0|Lista de nomeados e meus votos finais para o prêmio da OFCS
pdmCPz4ucww|Os dez piores filmes de 2019
strogvLX2uU|The Aeronauts (Os Aeronautas) - Crítica do filme da Amazon
M4b75uxKPJA|Cats - Crítica do filme: o maior fiasco de 2019
FTjESAAmjVg|Ao vivo: Oscar 2020 - Melhor ator e atriz (prévia de dezembro) + reação inicial de Cats
vlNazMOh_Pw|Bombshell (O Escândalo) - Crítica do filme
SGHMOd0MuK8|Minhas escolhas para a premiação anual da crítica (OFCS): a difícil missão
dZsASBALAL8|Star Wars: A Ascensão Skywalker - Crítica do filme (sem spoilers)
lR1lvL9ATuo|Pré-listas do Oscar 2020: comentários finais, esnobes e surpresas
iG6B-dE22Yk|Retrato de Uma Jovem em Chamas - Crítica do filme
M8nY8XBW69Q|A Vida Invisível fora da disputa do Oscar: análise da pré-lista de filme internacional
Ndy-PzZsbbw|Weathering with You (O Tempo com Você) - Crítica da animação de Makoto Shinkai
2MExu5tBRYU|Oscar 2020 - Melhor filme (prévia de dezembro)
zATC3nCUSnI|Esquadrão 6 - Crítica do filme da Netflix
DLc_JLmls-M|SAG 2020 - Análise das indicações (cinema)
nQSb39-NrS4|Jumanji: Próxima Fase - Crítica do filme
XMDBcylxbsU|Análise dos indicados ao Globo de Ouro 2020 (cinema)
jzCKgtOi9Jo|Ao vivo: nomeados ao Critics Choice e vencedores LAFCA
bJPu7SEtUJs|Dark Waters - O Preço da Verdade - Crítica do filme
sA8ZHl8z7NY|Olivia Wilde, Clint Eastwood e a grande polêmica de Richard Jewell
4ZyFRE0MfX4|A Vida Invisível - Crítica do filme
n1L1CkFC5u0|Honey Boy (O Preço do Talento) - Crítica do filme
RFUl6Sl6Qrk|Richard Jewell - Crítica do filme de Clint Eastwood
wG0PNEeE5W4|Atlantique (Atlantics) - Crítica do filme da Netflix
yxxQhDhOS-c|Entre Facas e Segredos - Crítica do filme
SLpltH478uw|Adoráveis Mulheres (Little Women) - Crítica do filme
BpJyzwRi1gM|1917 - Crítica do filme
cQb-cJ2sv9o|Waves - Crítica do filme
AQ1rXF6zn1o|1917 - reação inicial (crítica em breve)
r_MA8QDD8Gw|Um Lindo Dia na Vizinhança - Crítica do filme
DvcRNrqmvuo|Sessão fechada de Coringa em NY: Todd Phillips sobre Joker 2, Michael Moore e mais.
QRWIRLgf4ys|Dois Papas - Crítica do filme da Netflix
IkJgZQfj3BA|Disney Plus - Curtas e 'Disney através das décadas'
K75XLcJXVNs|Frozen 2 - Crítica da animação (sem spoilers)
uu0r6Q4aHY4|Pássaro do Oriente - Crítica do filme da Netflix
EsSFAQ3wGmw|Klaus - Crítica da animação da Netflix
9DmY2BpBfa0|Disney Plus - Catálogo completo do lançamento nos EUA + comentários sobre o serviço de streaming
Dffhjpkbhu8|Oscar 2020 - Melhor filme (prévia de novembro)
z4KgBFCCYCQ|A Dama e o Vagabundo - Crítica do filme de 2019 da Disney +
cdH7PNOqgrs|O Relatório - Crítica do filme da Amazon
25MxW21Ic8A|A Grande Mentira - Crítica do filme
tBNDE3WJWos|Midway - Batalha em Alto Mar - Crítica do filme
s2H6mNK0iNc|Oscar 2020 - Melhor ator (prévia de novembro): Phoenix, Driver, Murphy e mais!
LPSEHGY9Hww|Harriet - Crítica do filme
J95wZUcRgJY|Democratização do acesso ao cinema no Brasil - comentários sobre o tema da redação do Enem
mNpsurbsMKU|Ao vivo: O (maravilhoso) catálogo da A24 para a temporada de premiações
xUlGu4waUR0|The King (O Rei) - Crítica do filme da Netflix
Bb0mmp3IPMk|Doutor Sono - Crítica do filme
9l10oS4FIQg|Ford vs. Ferrari - Crítica do filme
uCnZTzSQUFI|Meu Nome é Dolemite - Crítica do filme da Netflix
twGZgPckm8g|O Exterminador do Futuro: Destino Sombrio - Crítica do Filme
ENmlNcwzP9Y|Wasp Network - Crítica do filme
tamJEt9YkEA|Harvey Weinstein e as cinco indicações de O Carteiro e o Poeta - Histórias do Oscar #18
lfU8A_WnIbs|Ao vivo: Warner coloca Coringa como prioridade e abandona The Goldfinch + bate papo Oscar 2020
4PFeALOnABk|A Lavanderia - Crítica do filme da Netflix
HrW7lDAAnws|Zumbilândia: Atire Duas Vezes - Crítica do filme
alPR8CvMn5U|The Lighthouse (O Farol) - Crítica do filme
hJuXss-5Bnc|Marriage Story (Histórias de um Casamento) - Crítica do filme
HNxWxSMkih0|El Camino - Crítica do filme da Netflix (sem spoilers)
k2DAavqfSLE|Sessões de Coringa na Academia (Oscar 2020): controvérsias e consensos
XB6koqfQO1U|Ao vivo: Netflix e o Oscar 2020 - o começo da campanha
_Kbs1EpVgFo|Lucy in the Sky - Crítica do filme: o pior da carreira de Natalie Portman?
pBuR-9pe4Ss|Oscar 2020 - Melhor filme (prévia de outubro)
1xg7VlPQ_s0|Uncut Gems (Joias Brutas) - Crítica do filme: Adam Sandler no Oscar?
L2xJmqkJQLU|Parasite (Parasita) - Crítica do filme
xPcGroUauQw|Judy - Crítica do filme estrelado por Renée Zellweger
nUnDqj7gHEg|The Irishman (O Irlandês) - Crítica do filme da Netflix (sem spoilers)
dctoVg5ZoYI|As chances de Coringa no Oscar 2020
Jzc2iCJ0EIk|The Irishman - reação inicial (crítica em breve)
cK2PPT6jCYg|Gemini Man (Projeto Gemini) - Crítica do filme
Q82oxV1mNxM|Downton Abbey - Crítica do filme
bqfjZWySfFs|A Hidden Life - Crítica do filme de Terrence Malick
jOSa75BSwbI|Ad Astra - Crítica do filme (sem spoilers)
RCWMVDBBJbY|Coringa - Crítica do filme (sem spoilers)
OxT2nDDwgc0|Jojo Rabbit - Crítica do filme (sem spoilers)
3K-QtRqK-08|Coringa - comentários iniciais (crítica em breve)
TjOCilqjTUg|The Goldfinch (O Pintassilgo) - Crítica do filme
4Jj08py1-2s|Rambo: Até o fim - crítica do filme (sem spoilers)
qyEw937rABM|Hustlers (As Golpistas) - Crítica do filme
gmnoCfcqoaU|Festival de Toronto 2019 - Prêmio para Jojo Rabbit! Destaques, polêmica de Coringa e mais!
H0Gli3qkuyE|Haunt  (A Casa do Terror) - crítica do filme
aZEgrVAEf2k|As distribuidoras estão burlando as categorias de coadjuvantes? Polêmicas para o Oscar 2020.
rZfZncPrpcc|Festival de Veneza 2019 - Coringa vence Leão de Ouro! Vencedores, polêmicas, Brasil premiado e mais.
bOKIPMvCvSk|Oscar 2020 - Melhor ator (segunda prévia) - Phoenix, De Niro, DiCaprio, Adam Driver e mais!
WdKdtGQygFg|It Capítulo 2 - Crítica do filme (sem spoilers)
sWSpt7TX0tQ|The Fanatic - Crítica: o pior filme de 2019?
QhT8xLdsD7k|Coringa - Análise do trailer e expectativa
oHKEcDZlSDk|A Vida Invisível é o concorrente brasileiro ao Oscar de melhor filme internacional em 2020
RBNY2-oQaSA|Indústria Americana - Crítica do documentário da Netflix - um dos favoritos ao Oscar
2CUHxT0yTRk|Bacurau - Comentário COM SPOILERS
9VNujvww8QI|A seletiva brasileira para o Oscar 2020. Quais filmes têm chances? Bacurau favorito?
Xd754dJiZzg|Bacurau - Crítica do filme (sem spoilers)
wTcyjI2uLrg|The Farewell - Crítica do filme
FlVccVT-jek|CinemaScore - Como as distribuidoras avaliam a recepção de um filme com o público?
efgusw7YOjM|Hollywood, comunismo e Oscar (parte I: 1920-1939) - Histórias do Oscar #17
0UHWsfaFuBw|A importância da ANCINE para o cinema brasileiro (parte II): FSA, incentivos e o exterior
svTcG0Ev9ww|A importância da ANCINE para o cinema brasileiro (parte I)
3nN9EX3av4c|The Irishman (O Irlandês) - reação e comentários do teaser do filme da Netflix
V2aeBnbBrKo|Era uma Vez em Hollywood - Comentário COM SPOILERS
nsN6vtsE0gk|Era uma Vez em Hollywood - Crítica do filme (sem spoilers)
Vx2z8UxJzpA|Warner posiciona Coringa como grande concorrente ao Oscar 2020
KOO4KDoWf9Y|Privacidade Hackeada - Crítica do documentário da Netflix
m-xQdPZTWD0|Jojo Rabbit - análise do trailer do filme e expectativa
rtcT-D9cuyQ|O vale da estranheza: por que o CGI apresentado no trailer de Cats causa desconforto?
W8tUJeTrcho|Cats - análise do trailer do filme: CGI horrível e musical descaracterizado.
lAIVrIRznV4|Obsessão Secreta - Crítica do filme da Netflix
spESqfKhjsE|Os dez melhores filmes de 1930 - Top 10 #4
V5Lba8lMdD4|Frank Capra, o Sindicato dos Diretores e o boicote de 1936 - Histórias do Oscar #16
XElSUnYZAk4|Midsommar - Crítica do filme (sem spoilers): espetacular e divisivo
IRkdGncCzsM|Mockbuster - o que é? como a Asylum ganha dinheiro produzindo filmes B?
bnQKCc-l4sE|O esnobe que enfureceu Alfred Hitchcock - Histórias do Oscar #15
FcG8Ke4Mo34|Yesterday - Crítica do filme de Danny Boyle
t55rKtp8WyA|Democracia em Vertigem - apontamentos teóricos: documentarismo x neutralidade e tempo presente
LQEjoDtyyys|Branca de Neve deveria receber indicação ao Oscar de melhor filme? - Histórias do Oscar #14
w3w1tdmenRk|Toy Story 4 - Crítica (sem spoilers)
E8gQEqw69DQ|Os dez melhores filmes de 1929 - Top 10 #3
Y7xmBl4BfGM|O Oscar Juvenil - Histórias do Oscar #13
R4ISuImkCi4|A Netflix Brasil desistiu dos filmes clássicos? Dificuldades do cinéfilo na era do streaming
40yxcMMRRA4|A polêmica do papelão em Drácula (1931): dossiê da produção
BXmqDZeC6D8|Jackie Cooper: a primeira criança nomeada ao Oscar - Histórias do Oscar #12
Z-x5-VRw0K4|"Parasite conquista a Palma de Ouro em Cannes! Fim da ""maldição"" sul-coreana no Oscar?"
26_bTe0P3ao|Marisa Tomei venceu o Oscar por engano? - Histórias do Oscar #11
m-a2bQVkck8|Rocketman - Crítica do filme
OHDXUEXobVs|O polêmico Oscar de Jack Palance - Histórias do Oscar #10
TREeQY63mcU|Os dez melhores filmes de 1928 - Top 10 #2
UOAO5xru-j0|Mary Pickford - a atriz que conquistou o Oscar após um chá com biscoitos - Histórias do Oscar #9
ISwQ3rkO_JU|William Friedkin vai ao psiquiatra após derrotar Stanley Kubrick - Histórias do Oscar #8
QsNeA8lmJ4s|O dia em que Montgomery Clift chorou ao perder o Oscar - Histórias do Oscar #7
Wc0NWz2Twns|Os dez melhores filmes de 1927 - Top 10 #1
EbvKDHPN7iE|Vingança! A reunião que tirou Charlie Chaplin do Oscar 1929 - Histórias do Oscar #6
HsZI-E1LpFc|Cidade de Deus e o esnobe no Oscar de melhor filme estrangeiro em 2003 - Histórias do Oscar #5
6NnGeCgVd7M|Joker (Coringa) e o Oscar 2020. A grande chance da Warner e de Joaquin Phoenix?
bYm2WCFuUs0|The Haunting of Sharon Tate - Crítica do filme
gQYFA2EkXR4|Cinco minutos de atuação e um Oscar para Beatrice Straight - Histórias do Oscar #4
ZZ2K8kRA5XY|Rin Tin Tin: um cachorro foi o real vencedor do Oscar de melhor ator em 1929? Histórias do Oscar #3
6owB7yawHpg|"1929 - O ano em que dois filmes venceram o prêmio principal da Academia | Histórias do Oscar #2"
4lHr1YX23j4|Como H. Weinstein comprou o Oscar de melhor filme para Shakespeare Apaixonado. Histórias do Oscar #1
